text_content,label
"This is to certify John Doe has completed an internship at Google.",1
"You have won an internship from scam-company.biz. Send your Aadhaar card.",0
"Dear candidate, your resume is selected. Pay ₹500 to confirm.",0
"Congratulations! You've been selected for an internship at a prestigious company.",1
"Urgent: Your Microsoft account will be suspended. Click here to verify: microsoft-security.tk",0
"Welcome to Netflix! Your account has been successfully created. Start streaming now.",1
"CONGRATULATIONS! You have won $10000 from Amazon. Click link to claim: amazon-prize.ml",0
"Thank you for your purchase on Amazon. Your order #123456 will be delivered tomorrow.",1
"Your PayPal account has been limited. Verify now: paypal-verification.ga",0
"Dear valued customer, your bank statement for October 2024 is now available.",1
"URGENT: Your credit card has been charged $999. Dispute now: secure-banking.cf",0
"Your Google Drive storage is full. Upgrade your plan to continue backing up files.",1
"You've received a payment of $5000. Confirm your details: payment-confirm.tk",0
"Dear student, your admission to MIT has been confirmed. Please complete enrollment.",1
"FREE IPHONE 15 PRO! Limited time offer. Enter details: iphone-giveaway.ml",0
"Your LinkedIn profile has been viewed by 50+ recruiters this week.",1
"ALERT: Suspicious login detected. Secure your account: facebook-security.ga",0
"Welcome to your new job at Tesla! Please report to HR on Monday morning.",1
"You owe $2000 in taxes. Pay immediately to avoid arrest: irs-payment.cf",0
"Your flight booking confirmation for Delhi to Mumbai on Air India.",1
"WINNER! You've won a lottery of $50000. Claim prize: lottery-winner.tk",0
"Dear applicant, thank you for applying to Software Engineer position at Meta.",1
"Your Instagram account will be deleted unless you verify: insta-verify.ml",0
"Congratulations on your graduation from Stanford University, Computer Science.",1
"URGENT: Your WhatsApp will expire today. Renew now: whatsapp-renew.ga",0
"Your Uber ride receipt for trip from Airport to Hotel Downtown.",1
"You've inherited $1 million from unknown relative. Contact: inheritance-claim.cf",0
"Your Spotify Premium subscription has been renewed for another month.",1
"FINAL NOTICE: Your internet will be disconnected. Pay bill: telecom-bill.tk",0
"Welcome to Swiggy! Your food delivery app account is ready to use.",1
"Your Apple ID has been compromised. Reset password: apple-security.ml",0
"Dear customer, your Flipkart order has been shipped and will arrive today.",1
"You've been pre-approved for loan of ₹5 lakhs. Apply now: quick-loan.ga",0
"Your Zomato Pro membership gives you free delivery on your next 10 orders.",1
"VIRUS DETECTED! Your computer is infected. Download cleaner: pc-cleaner.cf",0
"Your Microsoft Office 365 subscription renewal confirmation and receipt.",1
"You have 24 hours to claim your prize of $25000: prize-claim.tk",0

"Dear employee, your salary for November 2024 has been credited to account.",1
"Your Facebook account has been hacked. Secure now: fb-security.ml",0
"Congratulations! Your loan application has been approved by HDFC Bank.",1
"URGENT: Your email will be closed. Verify identity: email-verify.ga",0
"Your YouTube Premium subscription provides ad-free viewing experience.",1
"You owe money to court. Pay fine immediately: court-payment.cf",0
"CID : ST/INP/10568 Dear KAR:IVEERA YYA, We are pleased to welcome you to our organization's PYTHON PROGRAMMING Internship Program. SYSTEMTRON is monitoring this internship as a chance for you to learn. Your Training/Internship starts on 06/10/2025 and ends on 02/11/2025. It's 04 Week.s program. It's also an Unpaid program all focus is on learning. We anticipate a fruitful and dependable partnership that will prepare you for future endeavors. I wish you the very best in your internship program, one that is both entertaining and truly rewarding. Best Regards, -Founder System Tron www.systemtron.in",0

"Dear student, your scholarship application for MIT has been accepted.",1
"Your phone number has won ₹1 crore lottery. Claim: mobile-lottery.tk",0
"Your Amazon Prime Video subscription includes access to thousands of movies.",1
"SECURITY ALERT: Your bank account accessed from unknown device: bank-alert.ml",0
"Welcome to IIT Bombay! Your engineering admission is confirmed for 2025.",1
"Your SSN has been suspended due to illegal activity: ssn-verify.ga",0
"Your food order from McDonald's has been confirmed and is being prepared.",1
"You qualify for government grant of $15000. Apply: grant-money.cf",0
"Dear user, your Google Photos backup completed successfully last night.",1
"Your Bitcoin wallet has been credited with 5 BTC. Withdraw: crypto-wallet.tk",0
"Your internship offer from Goldman Sachs investment banking division confirmed.",1
"URGENT: Your electricity will be cut. Pay bill now: power-company.ml",0
"Your Airbnb booking in Goa for next weekend has been confirmed.",1
"You've been selected for work from home job. Pay registration fee: wfh-jobs.ga",0
"Your GitHub repository 'PhishGuard' has received 100+ stars from developers.",1
"Your credit score has dropped. Check report immediately: credit-check.cf",0
"Dear graduate, your job offer from TCS as Software Developer is confirmed.",1
"You have unclaimed money of $8000. Retrieve: unclaimed-cash.tk",0
"Your Netflix recommendation: Based on your viewing, try 'Stranger Things'.",1
"Your computer warranty has expired. Renew now: warranty-renewal.ml",0
"Congratulations! Your startup has been selected for Y Combinator program.",1
"URGENT: Your social security benefits will stop: social-security.ga",0
"Your internship certificate from Indian Institute of Science, Bangalore.",1
"You've been chosen for paid survey. Earn $500 daily: survey-money.cf",0
"Your Steam account purchase of Cyberpunk 2077 game completed successfully.",1
"Your Medicare coverage will end unless you call: medicare-urgent.tk",0
"Dear candidate, your technical interview for Google SDE role scheduled tomorrow.",1
"Your phone has been infected with malware. Remove now: phone-cleaner.ml",0
"Your internship completion certificate from Microsoft Azure Cloud team.",1
"FINAL WARNING: Your domain will expire. Renew: domain-renewal.ga",0
"Your Coursera course 'Machine Learning by Andrew Ng' certificate ready.",1
"You owe $3000 in student loans. Pay now to avoid legal action: loan-payment.cf",0
"Your job application for Data Scientist at OpenAI has been shortlisted.",1
"Your car warranty is about to expire. Extend coverage: auto-warranty.tk",0
"Dear intern, your summer internship at NASA Jet Propulsion Lab confirmed.",1
"Your credit card has been cloned. Verify details: card-security.ml",0
"Your acceptance letter for PhD program at Carnegie Mellon University.",1
"You qualify for $20000 business loan. No credit check: easy-business-loan.ga",0
"Your internship offer from Tesla Autopilot AI team for summer 2025.",1
"Your internet provider bill is overdue. Service suspended: isp-billing.cf",0
"Your admission to Harvard Business School MBA program is confirmed.",1
"You've been randomly selected for cash prize. Claim $7500: random-winner.tk",0
"Your software engineering internship at Adobe Creative Cloud division.",1
"Your Amazon account was accessed from suspicious location: amazon-security.ml",0
"Dear student, your research paper has been accepted for publication in IEEE.",1
"Your home insurance claim approved for $25000. Process payment: insurance-claim.ga",0
"Your internship completion from Indian Space Research Organisation (ISRO).",1
"URGENT: Your PayPal account limited. Resolve issue: paypal-resolution.cf",0
"Your acceptance to Cambridge University Master's program in AI confirmed.",1
"You've won iPhone 15 Pro Max from Apple giveaway: apple-giveaway.tk",0
"Your software development internship at Uber self-driving car team.",1
"Your eBay account has been compromised. Secure now: ebay-security.ml",0
"Dear researcher, your grant proposal has been approved by National Science Foundation.",1
"Your electricity bill is overdue. Pay $1200 immediately: utility-emergency.ga",0
"Your internship certificate from Goldman Sachs quantitative trading desk.",1
"You've been pre-selected for personal loan of ₹10 lakhs: instant-loan.cf",0
"Your research internship at MIT Computer Science and Artificial Intelligence Lab.",1
"Your Spotify account accessed from unknown device. Verify: spotify-verify.tk",0
"Your acceptance to Stanford PhD program in Computer Science confirmed.",1
"URGENT: Your internet banking will be blocked. Activate: net-banking.ml",0
"Your data science internship at Facebook Reality Labs division completed.",1
"You owe money to IRS. Pay $5000 or face arrest: irs-emergency.ga",0
"Your cybersecurity internship certificate from Lockheed Martin corporation.",1
"Your Gmail storage is full. Upgrade now or lose emails: gmail-storage.cf",0
"Your machine learning research internship at DeepMind Technologies London.",1
"Your phone carrier bill is overdue. Service will be cut: carrier-bill.tk",0
"Your AI research internship completion from OpenAI San Francisco office.",1
"Your Microsoft account was hacked. Change password: microsoft-hack.ml",0
"Dear candidate, your offer for Principal Engineer at Amazon Web Services.",1
"You qualify for government stimulus check of $3200: stimulus-payment.ga",0
"Your blockchain development internship at Coinbase cryptocurrency exchange.",1
"Your router has been hacked. Update firmware immediately: router-security.cf",0
"Your robotics internship certificate from Boston Dynamics engineering team.",1
"URGENT: Your prescription drug coverage ending. Renew: medicare-drugs.tk",0
"Your quantum computing research internship at IBM Quantum Network lab.",1
"Your Netflix account suspended due to payment issue: netflix-payment.ml",0
"Your cloud computing internship completion from Amazon Web Services team.",1
"You've been selected for mystery shopping job. Earn $800 weekly: mystery-shop.ga",0