qr_content,label
https://aws.amazon.com/students,1
https://aws.amazon.com/careers,1
http://docker.com/jobs,1
http://39.127.181.85/signin,0
https://github.com/apply,1
http://175.107.164.102/payment?utm_source=sms,0
https://ibm.com/internships,1
http://signin-update.info.xyz/account?utm_source=whatsapp,0
http://openai.com/students,1
https://github.com/careers,1
http://ibm.com/students,1
https://secure-auth.biz/payment?ref=1131?utm_source=mail,0
http://login.secure-auth.biz/verify,0
https://stackoverflow.com/jobs,1
https://apple.com/careers,1
https://aws.amazon.com/,1
https://aws.amazon.com/,1
http://internshipfree.info.net/confirm?utm_source=whatsapp,0
https://confirm-payments.net/account?ref=5447,0
https://oracle.com/careers,1
https://ibm.com/jobs,1
http://microsoft.com/jobs,1
http://signin-update.info-1321.com/signin,0
https://netflix.com/apply,1
http://netflix.com/jobs,1
http://48.6.70.144/submit,0
http://191.54.23.84/submit,0
https://microsoft.com/programs,1
https://secure-login.top/account?ref=9396,0
http://secure.secure-login.top/payment,0
http://auth.account-verify.club/update,0
http://verify-now.xyz.net/verify?utm_source=whatsapp,0
https://apple.com/,1
http://aws.amazon.com/students,1
https://oracle.com/programs,1
http://verify.confirm-payments.net/account,0
https://intel.com/apply,1
http://66.161.11.141/update?utm_source=sms,0
http://signin-update.info-8253.com/payment,0
http://aws.amazon.com/students,1
http://confirm-payments.net-8616.com/signin?utm_source=whatsapp,0
http://verify-now.xyz.top/signin?utm_source=mail,0
http://apply.secure-auth.biz/submit,0
https://openai.com/jobs,1
https://secure-auth.biz/payment?ref=4219,0
http://aws.amazon.com/about,1
http://account-verify.club-9370.com/verify,0
http://105.127.119.131/payment,0
https://login-check.gdn/payment?ref=6515?utm_source=sms,0
http://intel.com/careers,1
https://google.com/students,1
https://verify-now.xyz/confirm?ref=3361?utm_source=sms,0
http://ibm.com/apply,1
http://account.confirm-payments.net/payment,0
http://ibm.com/careers,1
http://account-verify.club.gdn/verify,0
https://mozilla.org/about,1
https://openai.com/about,1
http://130.60.240.27/payment,0
https://docker.com/internships,1
https://linkedin.com/apply,1
https://secure-auth.biz/account?ref=1715,0
http://143.228.249.22/submit,0
https://netflix.com/apply,1
http://spotify.com/apply,1
https://netflix.com/students,1
http://signin-update.info.loan/payment,0
http://signin-update.info-2366.com/security?utm_source=sms,0
http://secure.confirm-payments.net/signin,0
https://github.com/about,1
http://12.111.37.23/payment,0
https://linkedin.com/jobs,1
https://stackoverflow.com/about,1
https://stackoverflow.com/careers,1
https://github.com/students,1
https://verifyaccount.co/verify?ref=9445,0
https://verifyaccount.co/confirm?ref=3040,0
https://linkedin.com/programs,1
http://apple.com/apply,1
https://docker.com/jobs,1
http://login.signin-update.info/update,0
http://140.62.240.149/security,0
http://github.com/about,1
https://linkedin.com/careers,1
https://aws.amazon.com/,1
http://verifyaccount.co.gdn/submit,0
http://12.183.56.144/confirm,0
http://account.secure-auth.biz/verify?utm_source=sms,0
https://internshipfree.info/update?ref=3226?utm_source=sms,0
http://login.account-verify.club/signin?utm_source=whatsapp,0
http://verify-now.xyz-3324.com/verify,0
https://stackoverflow.com/careers,1
http://account.login-check.gdn/payment,0
https://docker.com/programs,1
http://apply.secure-auth.biz/account,0
http://signin-update.info-704.com/confirm,0
https://apple.com/careers,1
http://linkedin.com/careers,1
https://mozilla.org/careers,1
https://github.com/,1
http://internshipfree.info-7027.com/payment?utm_source=mail,0
http://secure-login.top-9116.com/account,0
https://linkedin.com/,1
https://verifyaccount.co/signin?ref=278,0
http://verify-now.xyz.top/verify,0
http://intel.com/internships,1
https://verifyaccount.co/payment?ref=7694,0
https://google.com/careers,1
https://github.com/careers,1
http://intel.com/about,1
http://87.98.89.207/submit?utm_source=whatsapp,0
https://intel.com/students,1
http://stackoverflow.com/apply,1
http://spotify.com/apply,1
https://apple.com/about,1
http://secure-auth.biz-8834.com/verify?utm_source=whatsapp,0
http://141.165.3.58/payment,0
http://apply-now.loan.net/submit,0
http://129.129.111.238/submit,0
https://google.com/careers,1
http://171.124.237.188/payment,0
https://docker.com/internships,1
https://microsoft.com/apply,1
https://docker.com/careers,1
https://docker.com/jobs,1
http://linkedin.com/apply,1
http://30.40.82.175/account,0
http://aws.amazon.com/internships,1
http://openai.com/jobs,1
https://account-verify.club/submit?ref=2285,0
http://intel.com/programs,1
http://internshipfree.info-1780.com/account?utm_source=sms,0
http://164.24.55.10/confirm,0
https://stackoverflow.com/apply,1
http://apply.verifyaccount.co/submit?utm_source=sms,0
http://confirm-payments.net.biz/verify?utm_source=whatsapp,0
http://login.apply-now.loan/confirm?utm_source=whatsapp,0
http://linkedin.com/programs,1
http://confirm-payments.net-4318.com/verify,0
https://linkedin.com/students,1
http://openai.com/programs,1
http://signin-update.info.top/update,0
https://mozilla.org/apply,1
https://apple.com/students,1
http://linkedin.com/apply,1
https://ibm.com/careers,1
https://spotify.com/apply,1
http://secure-auth.biz-8930.com/update,0
http://confirm.confirm-payments.net/security?utm_source=sms,0
https://mozilla.org/jobs,1
https://linkedin.com/programs,1
https://stackoverflow.com/jobs,1
https://secure-auth.biz/confirm?ref=7369,0
http://124.195.202.15/payment,0
https://stackoverflow.com/about,1
https://verifyaccount.co/signin?ref=4296?utm_source=whatsapp,0
http://117.102.192.112/update,0
http://aws.amazon.com/jobs,1
https://ibm.com/programs,1
http://mozilla.org/students,1
http://verifyaccount.co-1953.com/account,0
https://docker.com/students,1
http://auth.confirm-payments.net/security,0
http://signin-update.info-8260.com/update?utm_source=mail,0
https://secure-login.top/verify?ref=1000,0
http://confirm.internshipfree.info/signin,0
https://oracle.com/careers,1
http://intel.com/careers,1
http://ibm.com/apply,1
http://confirm-payments.net.net/verify,0
https://ibm.com/,1
http://78.184.120.31/confirm,0
http://oracle.com/internships,1
https://ibm.com/internships,1
http://verify.account-verify.club/security,0
http://43.119.217.255/account,0
http://150.67.105.70/security,0
https://aws.amazon.com/apply,1
https://microsoft.com/,1
http://oracle.com/,1
https://apple.com/about,1
https://github.com/jobs,1
http://internshipfree.info-5498.com/confirm?utm_source=mail,0
http://181.151.156.228/submit?utm_source=sms,0
https://openai.com/,1
https://openai.com/apply,1
http://confirm-payments.net.gdn/submit,0
https://ibm.com/internships,1
http://netflix.com/about,1
https://docker.com/jobs,1
https://secure-auth.biz/submit?ref=4835?utm_source=mail,0
https://aws.amazon.com/apply,1
https://internshipfree.info/security?ref=5625?utm_source=sms,0
http://aws.amazon.com/internships,1
https://login-check.gdn/submit?ref=2755,0
http://verifyaccount.co.xyz/submit,0
https://mozilla.org/careers,1
http://93.231.139.119/submit?utm_source=whatsapp,0
https://intel.com/about,1
http://secure.secure-login.top/confirm,0
https://linkedin.com/apply,1
https://google.com/,1
http://apply-now.loan-1862.com/account,0
https://openai.com/students,1
https://confirm-payments.net/security?ref=9199,0
http://stackoverflow.com/,1
http://verifyaccount.co-3816.com/confirm,0
http://secure.account-verify.club/security?utm_source=sms,0
https://intel.com/jobs,1
http://aws.amazon.com/programs,1
https://secure-login.top/verify?ref=6847,0
https://google.com/about,1
http://account-verify.club-2066.com/account?utm_source=whatsapp,0
http://confirm.internshipfree.info/verify?utm_source=mail,0
http://confirm-payments.net.loan/submit,0
http://secure-auth.biz-1225.com/account,0
http://signin-update.info-7249.com/payment,0
https://linkedin.com/programs,1
http://signin-update.info-5095.com/signin,0
http://apply.account-verify.club/security,0
http://signin-update.info.xyz/security,0
https://mozilla.org/internships,1
https://aws.amazon.com/internships,1
https://signin-update.info/account?ref=2255,0
http://linkedin.com/jobs,1
https://stackoverflow.com/apply,1
https://verify-now.xyz/security?ref=6011,0
http://confirm-payments.net-3529.com/update?utm_source=whatsapp,0
http://account-verify.club-2762.com/submit,0
https://netflix.com/,1
http://internshipfree.info.xyz/signin,0
https://secure-login.top/payment?ref=2399,0
http://login.login-check.gdn/payment?utm_source=mail,0
http://verify.login-check.gdn/signin?utm_source=mail,0
http://verifyaccount.co.loan/confirm,0
https://microsoft.com/apply,1
http://login.login-check.gdn/verify,0
https://intel.com/,1
https://linkedin.com/apply,1
https://google.com/careers,1
http://account.internshipfree.info/account,0
http://signin-update.info.info/confirm,0
http://verify.account-verify.club/payment,0
https://secure-login.top/verify?ref=4389?utm_source=sms,0
http://confirm.signin-update.info/payment,0
http://login-check.gdn.club/payment?utm_source=sms,0
https://openai.com/programs,1
http://78.152.96.76/payment,0
https://confirm-payments.net/submit?ref=7306,0
https://netflix.com/programs,1
https://verifyaccount.co/payment?ref=1880,0
http://signin-update.info-7813.com/confirm?utm_source=whatsapp,0
http://23.53.26.90/security,0
http://121.33.149.241/signin,0
http://secure-auth.biz-3628.com/payment,0
https://netflix.com/careers,1
https://apply-now.loan/confirm?ref=3195,0
https://intel.com/,1
http://secure-login.top.club/account,0
https://stackoverflow.com/jobs,1
http://spotify.com/apply,1
http://secure-login.top-1495.com/submit,0
https://openai.com/students,1
https://secure-login.top/account?ref=96,0
https://secure-auth.biz/confirm?ref=9471?utm_source=mail,0
http://signin-update.info-661.com/signin,0
http://spotify.com/careers,1
https://github.com/apply,1
https://aws.amazon.com/internships,1
https://microsoft.com/programs,1
http://apply-now.loan.club/confirm,0
http://apply.signin-update.info/verify,0
http://oracle.com/apply,1
https://github.com/programs,1
https://google.com/students,1
http://mozilla.org/apply,1
http://169.222.140.29/submit,0
http://secure-auth.biz.loan/verify,0
https://confirm-payments.net/submit?ref=7296,0
https://aws.amazon.com/students,1
http://oracle.com/apply,1
https://oracle.com/internships,1
http://secure.signin-update.info/verify,0
http://mozilla.org/apply,1
https://account-verify.club/security?ref=804,0
https://mozilla.org/programs,1
http://auth.verifyaccount.co/submit?utm_source=whatsapp,0
https://github.com/about,1
https://ibm.com/students,1
https://linkedin.com/apply,1
http://login-check.gdn.top/signin,0
https://mozilla.org/internships,1
https://intel.com/students,1
https://netflix.com/about,1
http://google.com/students,1
http://184.123.99.172/security,0
https://oracle.com/apply,1
https://spotify.com/,1
https://netflix.com/programs,1
http://secure-login.top-1443.com/verify?utm_source=sms,0
https://oracle.com/programs,1
http://internshipfree.info.club/verify,0
https://apple.com/students,1
https://apple.com/jobs,1
http://156.102.92.13/signin,0
https://netflix.com/students,1
https://aws.amazon.com/students,1
http://oracle.com/students,1
https://verifyaccount.co/update?ref=8880,0
https://google.com/careers,1
https://signin-update.info/update?ref=261,0
https://mozilla.org/programs,1
https://aws.amazon.com/students,1
http://secure-auth.biz-5895.com/submit?utm_source=sms,0
http://verify.secure-auth.biz/update?utm_source=mail,0
http://107.8.132.83/signin?utm_source=sms,0
https://netflix.com/careers,1
http://google.com/,1
https://apple.com/programs,1
https://netflix.com/jobs,1
https://microsoft.com/careers,1
https://mozilla.org/apply,1
http://secure.signin-update.info/verify?utm_source=sms,0
https://secure-login.top/payment?ref=5944,0
http://auth.verifyaccount.co/submit,0
http://verifyaccount.co.top/security,0
http://internshipfree.info.biz/payment?utm_source=whatsapp,0
http://apply-now.loan-1016.com/account,0
http://login.secure-login.top/signin?utm_source=whatsapp,0
https://ibm.com/jobs,1
https://openai.com/about,1
http://verify-now.xyz.xyz/update,0
http://spotify.com/students,1
http://52.9.177.180/account?utm_source=whatsapp,0
https://netflix.com/apply,1
http://signin-update.info.info/signin,0
http://google.com/internships,1
http://spotify.com/students,1
http://account-verify.club.net/account,0
https://netflix.com/careers,1
http://secure-auth.biz-1587.com/payment?utm_source=mail,0
http://87.27.72.237/account,0
https://netflix.com/,1
https://confirm-payments.net/update?ref=882,0
https://google.com/careers,1
http://auth.internshipfree.info/security,0
http://login-check.gdn.biz/confirm,0
http://secure.secure-auth.biz/update,0
http://openai.com/jobs,1
http://secure-login.top.biz/update,0
https://mozilla.org/programs,1
http://account-verify.club.top/security,0
https://spotify.com/jobs,1
https://stackoverflow.com/internships,1
https://stackoverflow.com/students,1
https://apply-now.loan/submit?ref=7729,0
http://openai.com/jobs,1
https://docker.com/jobs,1
http://signin-update.info-9055.com/payment?utm_source=whatsapp,0
http://34.118.19.89/confirm,0
http://47.79.39.151/update,0
http://login-check.gdn.net/verify,0
http://auth.account-verify.club/confirm,0
https://apple.com/programs,1
https://aws.amazon.com/about,1
https://apple.com/students,1
http://oracle.com/internships,1
http://auth.verifyaccount.co/confirm,0
https://ibm.com/students,1
http://verify-now.xyz.top/account,0
https://mozilla.org/jobs,1
http://verify-now.xyz-1851.com/update?utm_source=whatsapp,0
http://apply-now.loan.top/verify,0
http://mozilla.org/,1
http://signin-update.info.gdn/update,0
http://25.238.4.34/payment,0
https://apple.com/careers,1
http://20.220.60.196/confirm,0
http://24.114.193.206/payment,0
http://152.62.129.246/confirm,0
http://confirm.internshipfree.info/signin,0
https://docker.com/,1
http://verify-now.xyz.biz/security,0
http://verify.internshipfree.info/payment?utm_source=whatsapp,0
https://internshipfree.info/update?ref=4607?utm_source=sms,0
https://mozilla.org/careers,1
http://google.com/about,1
https://openai.com/students,1
http://confirm-payments.net-3623.com/security?utm_source=mail,0
https://stackoverflow.com/students,1
http://secure-login.top-3918.com/signin,0
http://confirm.internshipfree.info/account,0
http://verify.internshipfree.info/account?utm_source=mail,0
https://microsoft.com/programs,1
https://verifyaccount.co/security?ref=1606?utm_source=sms,0
https://github.com/internships,1
http://login.verifyaccount.co/update,0
http://secure-auth.biz.biz/signin,0
http://signin-update.info-327.com/payment?utm_source=whatsapp,0
https://microsoft.com/,1
https://docker.com/about,1
https://github.com/internships,1
http://login-check.gdn-2044.com/confirm,0
http://account.apply-now.loan/account,0
https://linkedin.com/jobs,1
https://apple.com/about,1
https://apple.com/jobs,1
http://109.199.242.134/update?utm_source=sms,0
http://88.232.37.30/account,0
http://157.72.96.252/submit?utm_source=mail,0
https://github.com/about,1
http://37.132.113.113/confirm,0
http://account.account-verify.club/account?utm_source=whatsapp,0
http://login.verifyaccount.co/verify,0
http://secure-auth.biz-4341.com/submit?utm_source=mail,0
https://netflix.com/students,1
http://66.234.76.119/signin,0
https://stackoverflow.com/jobs,1
http://180.92.150.49/verify,0
https://mozilla.org/programs,1
https://netflix.com/about,1
https://confirm-payments.net/verify?ref=7415,0
http://aws.amazon.com/apply,1
http://188.40.72.143/security,0
http://apple.com/internships,1
https://intel.com/careers,1
https://netflix.com/,1
http://apple.com/programs,1
https://intel.com/careers,1
http://netflix.com/careers,1
http://account-verify.club.info/verify,0
http://oracle.com/about,1
http://confirm.login-check.gdn/submit?utm_source=whatsapp,0
http://account-verify.club-7774.com/submit,0
https://oracle.com/about,1
http://35.184.128.42/payment?utm_source=whatsapp,0
http://stackoverflow.com/about,1
http://confirm-payments.net.loan/submit,0
http://aws.amazon.com/students,1
https://internshipfree.info/payment?ref=5420,0
http://apple.com/students,1
http://account-verify.club-2719.com/confirm,0
http://internshipfree.info-9689.com/signin,0
http://internshipfree.info.net/signin?utm_source=mail,0
http://mozilla.org/careers,1
http://apply.signin-update.info/submit,0
http://github.com/apply,1
http://account-verify.club.gdn/payment,0
http://123.176.45.4/payment,0
http://microsoft.com/,1
http://login-check.gdn-6990.com/submit?utm_source=whatsapp,0
http://verifyaccount.co-9880.com/payment,0
https://apple.com/apply,1
http://146.107.107.29/account,0
https://netflix.com/programs,1
http://google.com/careers,1
https://intel.com/programs,1
https://microsoft.com/jobs,1
https://oracle.com/about,1
https://mozilla.org/about,1
http://internshipfree.info.club/submit,0
http://confirm-payments.net.club/confirm,0
http://signin-update.info-8859.com/security?utm_source=whatsapp,0
https://github.com/programs,1
https://login-check.gdn/account?ref=367?utm_source=whatsapp,0
https://signin-update.info/payment?ref=7626,0
http://docker.com/internships,1
http://intel.com/apply,1
https://google.com/apply,1
http://apply-now.loan.xyz/account,0
https://aws.amazon.com/students,1
http://26.211.213.68/security?utm_source=sms,0
http://account.internshipfree.info/submit,0
https://mozilla.org/careers,1
https://netflix.com/,1
https://microsoft.com/apply,1
https://ibm.com/about,1
https://mozilla.org/careers,1
https://stackoverflow.com/programs,1
http://21.214.114.164/verify,0
http://signin-update.info-7167.com/submit,0
https://internshipfree.info/confirm?ref=7024,0
http://65.169.181.33/confirm,0
http://login.secure-login.top/confirm?utm_source=whatsapp,0
https://signin-update.info/account?ref=195,0
https://spotify.com/jobs,1
https://internshipfree.info/confirm?ref=2772,0
http://signin-update.info-2204.com/security,0
http://verify-now.xyz-828.com/confirm,0
https://docker.com/,1
https://ibm.com/jobs,1
https://openai.com/about,1
https://google.com/jobs,1
https://microsoft.com/apply,1
http://internshipfree.info-1214.com/account,0
http://openai.com/students,1
http://secure-auth.biz-3022.com/account?utm_source=mail,0
http://secure-login.top-5870.com/confirm?utm_source=whatsapp,0
http://126.40.195.146/security,0
http://verifyaccount.co.net/confirm?utm_source=sms,0
https://mozilla.org/about,1
http://verifyaccount.co.gdn/payment,0
https://apple.com/apply,1
https://mozilla.org/jobs,1
https://spotify.com/about,1
https://verify-now.xyz/payment?ref=4266,0
http://31.252.238.103/signin,0
http://microsoft.com/about,1
https://docker.com/careers,1
https://ibm.com/about,1
http://login.account-verify.club/confirm,0
http://48.212.86.189/payment,0
http://apple.com/internships,1
http://112.234.123.110/signin?utm_source=sms,0
https://apple.com/students,1
https://google.com/careers,1
https://docker.com/programs,1
https://ibm.com/jobs,1
http://account.secure-auth.biz/confirm,0
http://account.verifyaccount.co/update?utm_source=mail,0
http://account.signin-update.info/submit,0
https://ibm.com/internships,1
https://secure-auth.biz/submit?ref=8232,0
http://178.197.118.194/payment,0
http://account-verify.club-4247.com/security?utm_source=sms,0
https://docker.com/programs,1
https://mozilla.org/about,1
http://verify.login-check.gdn/security,0
http://secure-auth.biz-5710.com/submit,0
https://ibm.com/careers,1
https://github.com/internships,1
http://login-check.gdn.info/verify?utm_source=mail,0
https://oracle.com/jobs,1
https://microsoft.com/jobs,1
https://stackoverflow.com/apply,1
https://account-verify.club/payment?ref=597,0
https://docker.com/careers,1
https://docker.com/internships,1
http://verify-now.xyz-9386.com/confirm?utm_source=sms,0
https://microsoft.com/programs,1
http://account-verify.club-3256.com/security,0
https://spotify.com/jobs,1
https://account-verify.club/payment?ref=5330,0
http://verify.signin-update.info/update,0
http://confirm-payments.net.info/submit,0
http://apply-now.loan.loan/security,0
http://secure-login.top-7832.com/verify,0
http://apple.com/students,1
http://login.confirm-payments.net/update,0
http://177.216.185.9/signin?utm_source=mail,0
https://signin-update.info/verify?ref=8628,0
http://secure-login.top-1776.com/confirm,0
http://secure-login.top-7498.com/update,0
https://aws.amazon.com/students,1
https://linkedin.com/careers,1
http://openai.com/careers,1
https://mozilla.org/apply,1
https://netflix.com/jobs,1
http://auth.signin-update.info/security,0
http://mozilla.org/internships,1
http://confirm-payments.net-8931.com/submit?utm_source=whatsapp,0
http://signin-update.info.net/update,0
https://apple.com/,1
http://github.com/apply,1
https://apple.com/students,1
http://verify.secure-login.top/submit,0
https://account-verify.club/signin?ref=2944,0
http://verifyaccount.co-8313.com/submit?utm_source=whatsapp,0
http://secure-login.top.biz/security?utm_source=mail,0
https://apple.com/careers,1
https://login-check.gdn/submit?ref=537,0
http://verify-now.xyz.gdn/signin,0
https://ibm.com/about,1
http://confirm-payments.net-9025.com/submit,0
http://apply-now.loan.top/submit,0
http://oracle.com/programs,1
http://docker.com/apply,1
https://docker.com/internships,1
http://microsoft.com/programs,1
http://account-verify.club.top/update?utm_source=sms,0
http://signin-update.info-911.com/update,0
https://docker.com/students,1
https://google.com/,1
https://netflix.com/,1
https://github.com/about,1
https://microsoft.com/about,1
https://openai.com/,1
http://145.69.253.184/signin?utm_source=sms,0
http://secure.secure-login.top/submit?utm_source=whatsapp,0
http://docker.com/programs,1
http://12.69.176.146/confirm,0
https://linkedin.com/programs,1
http://signin-update.info.club/signin?utm_source=mail,0
http://signin-update.info.xyz/verify,0
https://netflix.com/about,1
http://docker.com/programs,1
http://stackoverflow.com/about,1
https://aws.amazon.com/students,1
http://oracle.com/careers,1
http://intel.com/jobs,1
https://secure-login.top/update?ref=4272?utm_source=sms,0
http://stackoverflow.com/careers,1
https://secure-auth.biz/verify?ref=6646?utm_source=whatsapp,0
http://86.103.90.20/security?utm_source=sms,0
https://intel.com/apply,1
http://oracle.com/,1
http://apply.login-check.gdn/confirm,0
http://138.197.57.123/update,0
http://docker.com/,1
http://account-verify.club.xyz/account,0
http://verifyaccount.co-7066.com/confirm,0
http://164.12.156.86/submit,0
http://login.internshipfree.info/security?utm_source=sms,0
https://spotify.com/programs,1
http://openai.com/students,1
http://secure-login.top.xyz/security,0
http://ibm.com/about,1
http://verify-now.xyz.net/verify,0
http://verify-now.xyz-7211.com/account,0
https://spotify.com/internships,1
https://secure-auth.biz/update?ref=3827,0
https://login-check.gdn/account?ref=2757,0
https://oracle.com/apply,1
http://login.verify-now.xyz/update,0
https://intel.com/,1
https://spotify.com/about,1
https://apple.com/jobs,1
http://account.login-check.gdn/account,0
http://111.15.143.115/payment,0
https://apple.com/programs,1
https://mozilla.org/apply,1
http://156.248.175.24/verify,0
http://login.login-check.gdn/signin,0
https://microsoft.com/jobs,1
http://signin-update.info-6357.com/verify,0
http://intel.com/jobs,1
http://apply-now.loan.gdn/confirm,0
https://account-verify.club/signin?ref=4276?utm_source=whatsapp,0
http://110.156.85.33/signin,0
http://oracle.com/,1
http://apply-now.loan.loan/submit,0
http://secure-login.top-9178.com/verify?utm_source=sms,0
https://secure-login.top/security?ref=8065,0
http://ibm.com/,1
https://docker.com/internships,1
http://netflix.com/programs,1
https://internshipfree.info/submit?ref=7811,0
https://openai.com/about,1
https://oracle.com/,1
https://openai.com/students,1
https://stackoverflow.com/students,1
https://oracle.com/,1
https://google.com/internships,1
http://verify.signin-update.info/update,0
http://internshipfree.info-1801.com/payment,0
https://netflix.com/jobs,1
http://apply-now.loan.net/submit,0
https://google.com/apply,1
http://google.com/jobs,1
https://linkedin.com/internships,1
https://mozilla.org/about,1
http://verify-now.xyz.info/submit?utm_source=mail,0
https://confirm-payments.net/submit?ref=2957,0
http://141.34.50.7/update,0
https://internshipfree.info/payment?ref=731?utm_source=sms,0
http://197.50.109.243/confirm,0
https://google.com/internships,1
https://spotify.com/careers,1
http://verifyaccount.co-8991.com/confirm?utm_source=whatsapp,0
http://133.160.181.111/verify?utm_source=whatsapp,0
http://microsoft.com/internships,1
http://158.190.61.26/signin,0
http://linkedin.com/apply,1
http://internshipfree.info-3503.com/account,0
http://secure-auth.biz-1999.com/update?utm_source=mail,0
http://intel.com/careers,1
http://secure-auth.biz.loan/signin,0
http://72.190.231.154/security?utm_source=sms,0
http://aws.amazon.com/careers,1
http://account-verify.club-927.com/security,0
http://72.137.241.175/payment,0
https://linkedin.com/apply,1
http://mozilla.org/about,1
http://auth.account-verify.club/submit,0
http://account-verify.club-3312.com/verify,0
http://mozilla.org/careers,1
https://verifyaccount.co/update?ref=9416?utm_source=mail,0
http://confirm.internshipfree.info/verify,0
http://17.193.183.68/update,0
https://github.com/careers,1
http://32.28.171.178/account,0
https://netflix.com/internships,1
http://account-verify.club.biz/payment,0
https://google.com/programs,1
https://openai.com/apply,1
https://aws.amazon.com/programs,1
http://159.140.251.93/security,0
http://81.227.185.230/account?utm_source=mail,0
http://account-verify.club-8061.com/security?utm_source=mail,0
http://secure.confirm-payments.net/security?utm_source=mail,0
https://mozilla.org/,1
http://verifyaccount.co-8490.com/confirm,0
https://mozilla.org/jobs,1
http://50.0.19.199/security,0
https://verifyaccount.co/confirm?ref=4341?utm_source=whatsapp,0
http://confirm-payments.net.xyz/verify,0
https://spotify.com/careers,1
https://docker.com/apply,1
https://docker.com/jobs,1
https://google.com/internships,1
https://stackoverflow.com/students,1
http://oracle.com/careers,1
https://ibm.com/students,1
http://verify.signin-update.info/payment?utm_source=whatsapp,0
http://mozilla.org/internships,1
http://login-check.gdn.xyz/payment?utm_source=mail,0
https://apply-now.loan/verify?ref=4845,0
http://confirm.apply-now.loan/submit,0
https://verifyaccount.co/security?ref=4994?utm_source=sms,0
http://docker.com/apply,1
https://openai.com/,1
http://verifyaccount.co.xyz/security,0
https://aws.amazon.com/about,1
http://apple.com/careers,1
https://verifyaccount.co/update?ref=3765,0
http://confirm.signin-update.info/confirm,0
https://intel.com/internships,1
https://account-verify.club/payment?ref=6522,0
https://microsoft.com/about,1
http://secure-login.top-2291.com/update,0
https://verify-now.xyz/update?ref=9032?utm_source=sms,0
https://linkedin.com/jobs,1
https://openai.com/programs,1
https://docker.com/students,1
http://confirm-payments.net-7429.com/update?utm_source=whatsapp,0
http://confirm.secure-auth.biz/payment,0
http://spotify.com/apply,1
https://openai.com/apply,1
http://131.139.227.69/security,0
https://mozilla.org/internships,1
http://confirm-payments.net-8769.com/confirm,0
http://confirm-payments.net.gdn/verify?utm_source=whatsapp,0
https://secure-auth.biz/submit?ref=663?utm_source=whatsapp,0
http://46.239.139.98/security?utm_source=sms,0
http://confirm.internshipfree.info/verify,0
https://ibm.com/programs,1
http://secure-login.top.net/signin?utm_source=mail,0
https://apple.com/careers,1
http://secure-auth.biz.biz/payment,0
http://secure.internshipfree.info/submit,0
http://verifyaccount.co-9221.com/signin,0
http://confirm-payments.net-8917.com/security,0
https://stackoverflow.com/,1
https://netflix.com/programs,1
https://ibm.com/jobs,1
https://intel.com/apply,1
http://verify.internshipfree.info/signin?utm_source=whatsapp,0
https://openai.com/jobs,1
https://apple.com/students,1
http://stackoverflow.com/careers,1
http://linkedin.com/about,1
http://github.com/students,1
http://account.secure-login.top/payment,0
http://confirm.confirm-payments.net/confirm?utm_source=whatsapp,0
http://129.155.67.156/security?utm_source=sms,0
http://apply-now.loan.top/signin?utm_source=mail,0
http://signin-update.info-120.com/update,0
https://google.com/careers,1
http://45.14.241.25/confirm?utm_source=sms,0
http://apple.com/internships,1
https://internshipfree.info/verify?ref=9427,0
https://mozilla.org/students,1
https://internshipfree.info/submit?ref=4716,0
http://confirm.signin-update.info/account,0
http://secure-login.top.top/payment,0
http://login-check.gdn-2152.com/verify,0
http://secure.account-verify.club/verify,0
http://apply-now.loan-1414.com/payment,0
http://49.80.162.34/account?utm_source=mail,0
http://linkedin.com/programs,1
http://account-verify.club-4203.com/security,0
https://confirm-payments.net/payment?ref=192?utm_source=mail,0
http://84.233.85.82/submit?utm_source=mail,0
http://openai.com/internships,1
http://login-check.gdn-4051.com/security,0
https://oracle.com/jobs,1
http://193.79.20.78/security,0
https://microsoft.com/internships,1
https://spotify.com/jobs,1
https://internshipfree.info/confirm?ref=808?utm_source=whatsapp,0
http://158.199.95.59/verify,0
http://apply.account-verify.club/security?utm_source=sms,0
https://spotify.com/apply,1
http://account-verify.club-4311.com/submit,0
http://stackoverflow.com/jobs,1
http://signin-update.info-6300.com/submit,0
http://linkedin.com/jobs,1
http://openai.com/jobs,1
http://netflix.com/programs,1
http://secure-auth.biz.loan/submit?utm_source=sms,0
http://secure.login-check.gdn/update,0
http://login-check.gdn-7363.com/submit,0
https://microsoft.com/about,1
http://verifyaccount.co-3527.com/account?utm_source=sms,0
https://linkedin.com/careers,1
http://account-verify.club-9771.com/submit,0
http://secure.apply-now.loan/submit?utm_source=mail,0
https://mozilla.org/students,1
http://aws.amazon.com/about,1
https://oracle.com/students,1
https://openai.com/,1
http://apply-now.loan.xyz/payment?utm_source=mail,0
http://spotify.com/jobs,1
http://login-check.gdn-4944.com/confirm,0
https://microsoft.com/programs,1
http://internshipfree.info-5234.com/submit?utm_source=sms,0
http://login-check.gdn-9530.com/signin,0
http://login-check.gdn.gdn/signin?utm_source=mail,0
http://login-check.gdn.net/payment?utm_source=sms,0
https://ibm.com/,1
https://spotify.com/students,1
http://openai.com/apply,1
https://verify-now.xyz/account?ref=4107,0
https://linkedin.com/internships,1
http://github.com/jobs,1
https://oracle.com/,1
https://openai.com/programs,1
http://github.com/careers,1
https://intel.com/apply,1
http://oracle.com/,1
https://oracle.com/students,1
http://secure-auth.biz-2308.com/verify,0
https://secure-auth.biz/account?ref=2480,0
https://apple.com/careers,1
https://aws.amazon.com/about,1
http://account-verify.club-5893.com/update,0
https://github.com/internships,1
http://67.227.212.226/signin,0
https://openai.com/students,1
https://intel.com/careers,1
http://secure.internshipfree.info/account,0
https://apple.com/apply,1
https://stackoverflow.com/internships,1
http://intel.com/careers,1
https://stackoverflow.com/apply,1
http://secure.verifyaccount.co/submit,0
http://confirm-payments.net-9481.com/submit?utm_source=whatsapp,0
http://account-verify.club.info/submit,0
http://108.193.187.39/verify,0
https://google.com/apply,1
http://linkedin.com/careers,1
https://stackoverflow.com/programs,1
http://aws.amazon.com/,1
http://openai.com/students,1
http://docker.com/,1
http://secure-auth.biz.xyz/verify,0
https://oracle.com/jobs,1
http://secure-auth.biz.xyz/payment,0
https://signin-update.info/security?ref=7311,0
http://143.254.238.50/submit,0
https://netflix.com/,1
http://verifyaccount.co-6279.com/confirm,0
http://login.secure-login.top/security,0
http://signin-update.info.gdn/payment,0
http://verifyaccount.co.loan/verify,0
http://secure.account-verify.club/verify,0
https://intel.com/careers,1
http://aws.amazon.com/apply,1
http://secure.secure-login.top/account?utm_source=mail,0
http://secure-login.top-1017.com/signin?utm_source=mail,0
http://190.135.144.152/account?utm_source=whatsapp,0
http://oracle.com/careers,1
https://confirm-payments.net/submit?ref=5503?utm_source=sms,0
http://confirm-payments.net.top/submit,0
https://openai.com/programs,1
http://account-verify.club-9021.com/security,0
http://secure.account-verify.club/account,0
http://apply-now.loan-8378.com/signin?utm_source=whatsapp,0
https://aws.amazon.com/apply,1
https://aws.amazon.com/,1
http://login.account-verify.club/security,0
http://signin-update.info-7202.com/payment?utm_source=whatsapp,0
https://verify-now.xyz/security?ref=4975?utm_source=sms,0
https://docker.com/apply,1
https://login-check.gdn/account?ref=9598,0
http://secure.signin-update.info/confirm,0
http://google.com/apply,1
https://verifyaccount.co/security?ref=1786,0
https://oracle.com/programs,1
https://linkedin.com/jobs,1
https://ibm.com/programs,1
http://113.176.74.148/account,0
http://59.189.195.189/account?utm_source=sms,0
http://openai.com/jobs,1
http://github.com/jobs,1
http://82.31.195.198/signin?utm_source=sms,0
http://verify-now.xyz-1116.com/account?utm_source=whatsapp,0
https://github.com/internships,1
http://login-check.gdn.biz/signin,0
https://internshipfree.info/confirm?ref=1198,0
http://ibm.com/,1
http://secure.account-verify.club/payment?utm_source=sms,0
https://netflix.com/about,1
https://spotify.com/programs,1
http://docker.com/programs,1
https://docker.com/about,1
http://apply-now.loan.loan/signin,0
http://login-check.gdn-1476.com/confirm?utm_source=mail,0
http://156.113.74.8/confirm?utm_source=mail,0
https://intel.com/programs,1
https://github.com/,1
http://login.confirm-payments.net/verify,0
http://secure-login.top.loan/verify,0
https://openai.com/about,1
http://confirm-payments.net-1354.com/account?utm_source=whatsapp,0
http://auth.account-verify.club/verify,0
https://account-verify.club/submit?ref=9558,0
http://oracle.com/students,1
http://verifyaccount.co.net/verify,0
http://apply.apply-now.loan/account?utm_source=whatsapp,0
https://intel.com/students,1
http://secure-auth.biz-7684.com/security,0
https://microsoft.com/programs,1
http://verify-now.xyz-7119.com/confirm,0
https://mozilla.org/about,1
https://docker.com/internships,1
https://aws.amazon.com/about,1
https://mozilla.org/about,1
https://oracle.com/,1
https://verify-now.xyz/signin?ref=6871,0
http://account.login-check.gdn/payment,0
http://verifyaccount.co.biz/submit,0
https://netflix.com/careers,1
http://apply-now.loan-8640.com/update?utm_source=whatsapp,0
http://account-verify.club.net/verify?utm_source=mail,0
http://apply.account-verify.club/payment,0
http://verify-now.xyz.top/account,0
http://apple.com/jobs,1
http://openai.com/apply,1
http://openai.com/about,1
https://openai.com/,1
http://192.48.0.109/signin?utm_source=mail,0
https://docker.com/about,1
http://apple.com/about,1
http://login.confirm-payments.net/verify,0
https://secure-login.top/account?ref=8492,0
http://37.118.197.97/signin,0
http://verifyaccount.co.biz/signin?utm_source=sms,0
http://verifyaccount.co.club/payment,0
https://microsoft.com/jobs,1
https://docker.com/students,1
https://apply-now.loan/security?ref=3973,0
https://internshipfree.info/submit?ref=4086,0
https://linkedin.com/apply,1
http://secure-login.top-4069.com/submit,0
https://verify-now.xyz/signin?ref=9365,0
https://apple.com/apply,1
http://signin-update.info-6650.com/update,0
https://spotify.com/about,1
https://netflix.com/about,1
http://account.verify-now.xyz/account,0
http://google.com/apply,1
http://mozilla.org/about,1
https://mozilla.org/careers,1
http://184.255.71.155/account,0
https://github.com/careers,1
http://secure-login.top-4943.com/payment,0
http://login.secure-login.top/verify?utm_source=mail,0
http://openai.com/apply,1
https://microsoft.com/about,1
http://login-check.gdn-1204.com/signin,0
http://secure-auth.biz-8057.com/payment?utm_source=mail,0
http://139.172.131.250/update?utm_source=sms,0
https://netflix.com/careers,1
http://secure.login-check.gdn/security,0
http://verifyaccount.co-9480.com/submit?utm_source=mail,0
https://oracle.com/programs,1
https://aws.amazon.com/programs,1
https://openai.com/students,1
http://88.147.106.250/update,0
https://netflix.com/students,1
http://mozilla.org/programs,1
https://oracle.com/internships,1
https://mozilla.org/internships,1
https://intel.com/jobs,1
http://internshipfree.info.info/verify,0
https://spotify.com/about,1
http://48.161.92.41/security,0
http://account.verifyaccount.co/verify?utm_source=mail,0
http://oracle.com/,1
http://secure-auth.biz.top/submit?utm_source=whatsapp,0
https://intel.com/about,1
http://account.verifyaccount.co/submit?utm_source=whatsapp,0
https://aws.amazon.com/jobs,1
https://google.com/apply,1
https://netflix.com/jobs,1
http://verifyaccount.co.net/confirm?utm_source=mail,0
http://spotify.com/jobs,1
http://oracle.com/,1
https://linkedin.com/internships,1
